"TPLName","Alpine"
"Achillea acuminata","Lowland"
"Achillea distans","Lowland"
"Achillea millefolium","Lowland"
"Achillea roseo-alba","Lowland"
"Aconitum barbatum","Lowland"
"Aconitum flavum","Lowland"
"Aconitum gymnandrum","Lowland"
"Aconitum henryi","Lowland"
"Aconitum napellus","Lowland"
"Aconitum sinomontanum","Lowland"
"Acroglochin persicarioides","Lowland"
"Actaea cimicifuga","Lowland"
"Actaea vaginata","Lowland"
"Adenocaulon himalaicum","Lowland"
"Adenophora potaninii","Lowland"
"Adenophora stenanthina","Lowland"
"Adonis amurensis","Lowland"
"Agrimonia pilosa","Lowland"
"Agrostis capillaris","Lowland"
"Agrostis gigantea","Lowland"
"Agrostis hookeriana","Lowland"
"Agrostis stolonifera","Lowland"
"Agrostis vinealis","Lowland"
"Ajuga ciliata","Lowland"
"Alchemilla glabra","Lowland"
"Alchemilla xanthochlora","Lowland"
"Aletris alpestris","Lowland"
"Allium listera","Lowland"
"Allium mongolicum","Lowland"
"Allium ovalifolium","Lowland"
"Allium polyrhizum","Lowland"
"Allium ramosum","Lowland"
"Allium tanguticum","Lowland"
"Amaranthus retroflexus","Lowland"
"Amethystea caerulea","Lowland"
"Ampelodesmos mauritanicus","Lowland"
"Androsace erecta","Lowland"
"Androsace tibetica","Lowland"
"Angelica dahurica","Lowland"
"Angelica laxifoliata","Lowland"
"Angelica nitida","Lowland"
"Antennaria rosea","Lowland"
"Anthemis cretica","Lowland"
"Aquilegia ecalcarata","Lowland"
"Aquilegia oxysepala","Lowland"
"Arabis hirsuta","Lowland"
"Arctium lappa","Lowland"
"Arenaria serpyllifolia","Lowland"
"Arisaema erubescens","Lowland"
"Artemisia argyi","Lowland"
"Artemisia dubia","Lowland"
"Artemisia eriopoda","Lowland"
"Artemisia mongolica","Lowland"
"Artemisia parviflora","Lowland"
"Artemisia roxburghiana","Lowland"
"Artemisia scoparia","Lowland"
"Asparagus longiflorus","Lowland"
"Asperula orientalis","Lowland"
"Aster ageratoides","Lowland"
"Astilbe rubra","Lowland"
"Astragalus adsurgens","Lowland"
"Astragalus bhotanensis","Lowland"
"Astragalus melilotoides","Lowland"
"Astragalus monadelphus","Lowland"
"Astragalus peterae","Lowland"
"Astragalus propinquus","Lowland"
"Astragalus skythropos","Lowland"
"Atriplex laevis","Lowland"
"Avena sativa","Lowland"
"Axyris amaranthoides","Lowland"
"Axyris prostrata","Lowland"
"Bassia scoparia","Lowland"
"Beckmannia syzigachne","Lowland"
"Bidens bipinnata","Lowland"
"Bidens tripartita","Lowland"
"Biebersteinia heterostemon","Lowland"
"Brachypodium pinnatum","Lowland"
"Brachypodium sylvaticum","Lowland"
"Brassica juncea","Lowland"
"Braya humilis","Lowland"
"Briza media","Lowland"
"Bromus japonicus","Lowland"
"Bromus magnus","Lowland"
"Bromus plurinodis","Lowland"
"Bromus tectorum","Lowland"
"Bupleurum bicaule","Lowland"
"Bupleurum boissieuanum","Lowland"
"Bupleurum chinense","Lowland"
"Bupleurum smithii","Lowland"
"Bupleurum yinchowense","Lowland"
"Calamagrostis arundinacea","Lowland"
"Calamagrostis pseudophragmites","Lowland"
"Calluna vulgaris","Lowland"
"Caltha palustris","Lowland"
"Campanula glomerata","Lowland"
"Campanula patula","Lowland"
"Campanula persicifolia","Lowland"
"Campanula rotundifolia","Lowland"
"Campanula spicata","Lowland"
"Capsella bursa-pastoris","Lowland"
"Caragana brevifolia","Lowland"
"Cardamine hirsuta","Lowland"
"Cardamine impatiens","Lowland"
"Carduus crispus","Lowland"
"Carduus defloratus","Lowland"
"Carduus nutans","Lowland"
"Carex brunnea","Lowland"
"Carex caryophyllea","Lowland"
"Carex chlorostachys","Lowland"
"Carex coriophora","Lowland"
"Carex crebra","Lowland"
"Carex leporina","Lowland"
"Carex nigra","Lowland"
"Carex nubigena","Lowland"
"Carex ornithopoda","Lowland"
"Carex stipitinux","Lowland"
"Carlesia sinensis","Lowland"
"Carlina acaulis","Lowland"
"Carpesium cernuum","Lowland"
"Carpesium lipskyi","Lowland"
"Carpesium minus","Lowland"
"Carpesium triste","Lowland"
"Caryopteris mongholica","Lowland"
"Cerastium fontanum","Lowland"
"Cerastium pusillum","Lowland"
"Chamaesium thalictrifolium","Lowland"
"Chelidonium majus","Lowland"
"Chenopodium acuminatum","Lowland"
"Chenopodium album","Lowland"
"Chenopodium glaucum","Lowland"
"Chenopodium hybridum","Lowland"
"Chenopodium iljinii","Lowland"
"Chenopodium karoi","Lowland"
"Chenopodium vulvaria","Lowland"
"Chorispora tenella","Lowland"
"Cirsium japonicum","Lowland"
"Cirsium leo","Lowland"
"Cirsium shansiense","Lowland"
"Clematis apiifolia","Lowland"
"Clematis brevicaudata","Lowland"
"Clematis clarkeana","Lowland"
"Clematis glauca","Lowland"
"Clematis nannophylla","Lowland"
"Clinopodium chinense","Lowland"
"Cnidium monnieri","Lowland"
"Codonopsis pilosula","Lowland"
"Corispermum stauntonii","Lowland"
"Corispermum tibeticum","Lowland"
"Corydalis adunca","Lowland"
"Corydalis edulis","Lowland"
"Corydalis ophiocarpa","Lowland"
"Cotoneaster foveolatus","Lowland"
"Crepidiastrum denticulatum","Lowland"
"Crepis albida","Lowland"
"Cryptothladia parviflora","Lowland"
"Cuscuta chinensis","Lowland"
"Cuscuta europaea","Lowland"
"Cuscuta japonica","Lowland"
"Cynanchum inamoenum","Lowland"
"Cynodon dactylon","Lowland"
"Cynoglossum amabile","Lowland"
"Cynoglossum lanceolatum","Lowland"
"Dactylis glomerata","Lowland"
"Datura stramonium","Lowland"
"Daucus carota","Lowland"
"Delphinium campylocentrum","Lowland"
"Delphinium siwanense","Lowland"
"Delphinium sparsiflorum","Lowland"
"Dendranthema lavandulifolium","Lowland"
"Deschampsia flexuosa","Lowland"
"Dianthus carthusianorum","Lowland"
"Dianthus deltoides","Lowland"
"Dianthus superbus","Lowland"
"Dianthus sylvestris","Lowland"
"Dicranostigma leptopodum","Lowland"
"Digitaria ciliaris","Lowland"
"Digitaria sanguinalis","Lowland"
"Dipsacus chinensis","Lowland"
"Dipsacus inermis","Lowland"
"Dipsacus japonicus","Lowland"
"Dontostemon micranthus","Lowland"
"Draba aizoides","Lowland"
"Drimys andina","Lowland"
"Duchesnea indica","Lowland"
"Dysphania aristata","Lowland"
"Dysphania schraderiana","Lowland"
"Echinochloa colona","Lowland"
"Echinochloa crus-galli","Lowland"
"Elsholtzia feddei","Lowland"
"Elsholtzia fruticosa","Lowland"
"Elsholtzia serotina","Lowland"
"Elymus antiquus","Lowland"
"Elymus atratus","Lowland"
"Elymus barystachyus","Lowland"
"Elymus dahuricus","Lowland"
"Elymus kokonoricus","Lowland"
"Elymus nutans","Lowland"
"Elymus pendulinus","Lowland"
"Elymus strictus","Lowland"
"Elymus tangutorum","Lowland"
"Elymus varius","Lowland"
"Embothrium coccineum","Lowland"
"Empetrum nigrum","Lowland"
"Epilobium hirsutum","Lowland"
"Eragrostis cilianensis","Lowland"
"Eragrostis nigra","Lowland"
"Erigeron acer","Lowland"
"Erigeron canadensis","Lowland"
"Erodium stephanianum","Lowland"
"Eruca vesicaria","Lowland"
"Euphorbia esula","Lowland"
"Euphorbia helioscopia","Lowland"
"Euphorbia humifusa","Lowland"
"Euphrasia pectinata","Lowland"
"Euphrasia rostkoviana","Lowland"
"Fagopyrum esculentum","Lowland"
"Fagopyrum tataricum","Lowland"
"Fagopyrum urophyllum","Lowland"
"Fallopia aubertii","Lowland"
"Fallopia convolvulus","Lowland"
"Festuca nigrescens","Lowland"
"Festuca parvigluma","Lowland"
"Fragaria orientalis","Lowland"
"Galeopsis bifida","Lowland"
"Galium centroniae","Lowland"
"Galium obliquum","Lowland"
"Galium spurium","Lowland"
"Galium verum","Lowland"
"Gentiana decumbens","Lowland"
"Gentiana lutea","Lowland"
"Gentiana macrophylla","Lowland"
"Gentiana spathulifolia","Lowland"
"Gentiana striata","Lowland"
"Gentianella campestris","Lowland"
"Gentianella germanica","Lowland"
"Gentianopsis contorta","Lowland"
"Geranium sibiricum","Lowland"
"Geranium wilfordii","Lowland"
"Geum aleppicum","Lowland"
"Globularia cordifolia","Lowland"
"Gueldenstaedtia multiflora","Lowland"
"Gypsophila licentiana","Lowland"
"Halenia corniculata","Lowland"
"Hedysarum multijugum","Lowland"
"Hedysarum polybotrys","Lowland"
"Helianthemum nummularium","Lowland"
"Helianthemum oelandicum","Lowland"
"Helictotrichon altius","Lowland"
"Helictotrichon pratense","Lowland"
"Heracleum souliei","Lowland"
"Heracleum sphondylium","Lowland"
"Heteropappus altaicus","Lowland"
"Hierochloe laxa","Lowland"
"Hippocrepis comosa","Lowland"
"Hordelymus europaeus","Lowland"
"Humulus lupulus","Lowland"
"Hylotelephium angustum","Lowland"
"Hyoscyamus niger","Lowland"
"Hypericum ascyron","Lowland"
"Hypericum attenuatum","Lowland"
"Hypericum japonicum","Lowland"
"Hypericum maculatum","Lowland"
"Hypericum przewalskii","Lowland"
"Hypochaeris maculata","Lowland"
"Impatiens noli-tangere","Lowland"
"Incarvillea diffusa","Lowland"
"Incarvillea sinensis","Lowland"
"Indigofera silvestrii","Lowland"
"Inula japonica","Lowland"
"Iris lactea","Lowland"
"Iris oxypetala","Lowland"
"Iris tenuifolia","Lowland"
"Isodon henryi","Lowland"
"Isodon japonicus","Lowland"
"Jacobaea argunensis","Lowland"
"Juncus bufonius","Lowland"
"Juncus effusus","Lowland"
"Juncus giganteus","Lowland"
"Juncus prismatocarpus","Lowland"
"Kalimeris hispida","Lowland"
"Kalimeris mongolica","Lowland"
"Koeleria pyramidata","Lowland"
"Koeleria vallesiana","Lowland"
"Krascheninnikovia ceratoides","Lowland"
"Lamium amplexicaule","Lowland"
"Lappula intermedia","Lowland"
"Lathyrus pratensis","Lowland"
"Leibnitzia anandria","Lowland"
"Leontopodium chuii","Lowland"
"Leontopodium franchetii","Lowland"
"Leontopodium japonicum","Lowland"
"Leontopodium leontopodioides","Lowland"
"Leontopodium microphyllum","Lowland"
"Leonurus japonicus","Lowland"
"Lepidium cuneiforme","Lowland"
"Lespedeza davurica","Lowland"
"Leucanthemum vulgare","Lowland"
"Libanotis seseloides","Lowland"
"Ligularia fischeri","Lowland"
"Ligularia przewalskii","Lowland"
"Ligularia sagitta","Lowland"
"Ligularia veitchiana","Lowland"
"Ligusticum moniliforme","Lowland"
"Lilium callosum","Lowland"
"Lilium duchartrei","Lowland"
"Lilium pumilum","Lowland"
"Linum amurense","Lowland"
"Linum catharticum","Lowland"
"Linum pallescens","Lowland"
"Linum usitatissimum","Lowland"
"Lolium persicum","Lowland"
"Lotus corniculatus","Lowland"
"Luzula campestris","Lowland"
"Luzula multiflora","Lowland"
"Luzula sylvatica","Lowland"
"Lysimachia barystachys","Lowland"
"Macleaya microcarpa","Lowland"
"Malcolmia africana","Lowland"
"Malva verticillata","Lowland"
"Medicago lupulina","Lowland"
"Medicago minima","Lowland"
"Medicago ruthenica","Lowland"
"Medicago sativa","Lowland"
"Melica onoei","Lowland"
"Melilotus albus","Lowland"
"Melilotus officinalis","Lowland"
"Melilotus suaveolens","Lowland"
"Meum athamanticum","Lowland"
"Mimulus szechuanensis","Lowland"
"Muhlenbergia huegelii","Lowland"
"Nabalus tatarinowii","Lowland"
"Neopallasia pectinata","Lowland"
"Nepeta densiflora","Lowland"
"Nepeta multifida","Lowland"
"Nepeta tenuifolia","Lowland"
"Notopterygium forrestii","Lowland"
"Olgaea tangutica","Lowland"
"Orostachys fimbriata","Lowland"
"Oxalis corniculata","Lowland"
"Oxytropis coerulea","Lowland"
"Oxytropis halleri","Lowland"
"Oxytropis longipedunculata","Lowland"
"Oxytropis xinglongshanica","Lowland"
"Parasenecio deltophyllus","Lowland"
"Parasenecio roborowskii","Lowland"
"Parasenecio sinicus","Lowland"
"Parietaria debilis","Lowland"
"Parnassia palustris","Lowland"
"Patrinia heterophylla","Lowland"
"Pedicularis albiflora","Lowland"
"Pedicularis cristatella","Lowland"
"Pedicularis rudis","Lowland"
"Pedicularis schizorrhyncha","Lowland"
"Pedicularis spicata","Lowland"
"Pedicularis striata","Lowland"
"Peganum harmala","Lowland"
"Peganum multisectum","Lowland"
"Pennisetum glaucum","Lowland"
"Persicaria amphibia","Lowland"
"Persicaria bistorta","Lowland"
"Persicaria hydropiper","Lowland"
"Persicaria nepalensis","Lowland"
"Persicaria orientalis","Lowland"
"Pertya discolor","Lowland"
"Peucedanum praeruptorum","Lowland"
"Philadelphus incanus","Lowland"
"Phlomoides dentosa","Lowland"
"Phlomoides kansuensis","Lowland"
"Phlomoides umbrosa","Lowland"
"Phragmites australis","Lowland"
"Phtheirospermum japonicum","Lowland"
"Phyteuma nigrum","Lowland"
"Phyteuma orbiculare","Lowland"
"Phytolacca acinosa","Lowland"
"Picris hieracioides","Lowland"
"Pilea pumila","Lowland"
"Pimpinella diversifolia","Lowland"
"Pimpinella major","Lowland"
"Pimpinella saxifraga","Lowland"
"Pinguicula poldinii","Lowland"
"Piptatherum tibeticum","Lowland"
"Plantago asiatica","Lowland"
"Plantago major","Lowland"
"Plantago maritima","Lowland"
"Plantago media","Lowland"
"Pleurospermum cristatum","Lowland"
"Pleurospermum uralense","Lowland"
"Plumbagella micrantha","Lowland"
"Poa faberi","Lowland"
"Poa nemoralis","Lowland"
"Poa nepalensis","Lowland"
"Polemonium chinense","Lowland"
"Polygonatum verticillatum","Lowland"
"Polygonum dissitiflorum","Lowland"
"Polygonum divaricatum","Lowland"
"Polygonum multiflorum","Lowland"
"Polygonum thunbergii","Lowland"
"Polypogon fugax","Lowland"
"Portulaca oleracea","Lowland"
"Potentilla chinensis","Lowland"
"Potentilla conferta","Lowland"
"Potentilla supina","Lowland"
"Potentilla tanacetifolia","Lowland"
"Primula elatior","Lowland"
"Primula nutans","Lowland"
"Primula polyneura","Lowland"
"Primula veris","Lowland"
"Prunella vulgaris","Lowland"
"Pternopetalum heterophyllum","Lowland"
"Pycreus sanguinolentus","Lowland"
"Ranunculus japonicus","Lowland"
"Ranunculus pedatifidus","Lowland"
"Ranunculus serpens","Lowland"
"Rhododendron anthopogonoides","Lowland"
"Rodgersia aesculifolia","Lowland"
"Roegneria nutans","Lowland"
"Rorippa palustris","Lowland"
"Rumex acetosa","Lowland"
"Rumex acetosella","Lowland"
"Rumex aquaticus","Lowland"
"Rumex crispus","Lowland"
"Rumex patientia","Lowland"
"Rumex pseudonatronatus","Lowland"
"Salsola collina","Lowland"
"Salvia flava","Lowland"
"Salvia przewalskii","Lowland"
"Salvia roborowskii","Lowland"
"Salvia tricuspis","Lowland"
"Sambucus javanica","Lowland"
"Sanguisorba officinalis","Lowland"
"Saposhnikovia divaricata","Lowland"
"Saussurea iodostegia","Lowland"
"Saussurea japonica","Lowland"
"Saussurea macrota","Lowland"
"Saussurea mongolica","Lowland"
"Saussurea neofranchetii","Lowland"
"Saussurea nigrescens","Lowland"
"Saussurea oligantha","Lowland"
"Saussurea parviflora","Lowland"
"Saussurea salicifolia","Lowland"
"Saussurea variiloba","Lowland"
"Scabiosa columbaria","Lowland"
"Schoenoplectus triqueter","Lowland"
"Scleranthus perennis","Lowland"
"Scorzonera austriaca","Lowland"
"Scrofella chinensis","Lowland"
"Scrophularia incisa","Lowland"
"Scutellaria baicalensis","Lowland"
"Scutellaria rehderiana","Lowland"
"Sedum aizoon","Lowland"
"Sedum roseum","Lowland"
"Sedum sarmentosum","Lowland"
"Sedum stellariifolium","Lowland"
"Sempervivum arachnoideum","Lowland"
"Senecio densiserratus","Lowland"
"Senecio diversipinnus","Lowland"
"Senecio flammeus","Lowland"
"Serratula centauroides","Lowland"
"Serratula strangulata","Lowland"
"Seseli libanotis","Lowland"
"Seseli squarrulosum","Lowland"
"Setaria glauca","Lowland"
"Setaria viridis","Lowland"
"Sibbaldianthe bifurca","Lowland"
"Sibiraea angustata","Lowland"
"Sigesbeckia pubescens","Lowland"
"Silene aprica","Lowland"
"Silene baccifera","Lowland"
"Silene conoidea","Lowland"
"Silene fortunei","Lowland"
"Silene gracilicaulis","Lowland"
"Silene nutans","Lowland"
"Silene pterosperma","Lowland"
"Silene repens","Lowland"
"Sinacalia tangutica","Lowland"
"Sinosenecio euosmus","Lowland"
"Solanum americanum","Lowland"
"Solanum hoehnei","Lowland"
"Sonchus arvensis","Lowland"
"Sonchus asper","Lowland"
"Sonchus transcaspicus","Lowland"
"Sphallerocarpus gracilis","Lowland"
"Stachys affinis","Lowland"
"Stachys aspera","Lowland"
"Stellaria aquatica","Lowland"
"Stellaria dianthifolia","Lowland"
"Stellaria graminea","Lowland"
"Stellaria media","Lowland"
"Stellaria neglecta","Lowland"
"Stellaria palustris","Lowland"
"Stellaria parviumbellata","Lowland"
"Stipa baicalensis","Lowland"
"Stipa bungeana","Lowland"
"Stipa pekinensis","Lowland"
"Stipa przewalskyi","Lowland"
"Stipa sibirica","Lowland"
"Swertia bimaculata","Lowland"
"Swertia diluta","Lowland"
"Swertia franchetiana","Lowland"
"Swertia tetraptera","Lowland"
"Taraxacum campylodes","Lowland"
"Taraxacum mongolicum","Lowland"
"Tephroseris rufa","Lowland"
"Thalictrum cultratum","Lowland"
"Thalictrum macrorhynchum","Lowland"
"Thalictrum minus","Lowland"
"Thalictrum petaloideum","Lowland"
"Thalictrum przewalskii","Lowland"
"Thalictrum uncatum","Lowland"
"Thermopsis lanceolata","Lowland"
"Thesium refractum","Lowland"
"Thlaspi arvense","Lowland"
"Thymus michaelis","Lowland"
"Thymus mongolicus","Lowland"
"Thymus praecox","Lowland"
"Thymus pulegioides","Lowland"
"Thymus serpyllum","Lowland"
"Tofieldia calyculata","Lowland"
"Torilis japonica","Lowland"
"Torilis scabra","Lowland"
"Tragus berteronianus","Lowland"
"Trifolium alpestre","Lowland"
"Trifolium montanum","Lowland"
"Trifolium repens","Lowland"
"Trigonella foenum-graecum","Lowland"
"Tripora divaricata","Lowland"
"Trisetum flavescens","Lowland"
"Turritis brassica","Lowland"
"Urtica cannabina","Lowland"
"Vaccaria hispanica","Lowland"
"Vaccinium myrtillus","Lowland"
"Vaccinium uliginosum","Lowland"
"Vaccinium vitis-idaea","Lowland"
"Valeriana officinalis","Lowland"
"Valeriana pseudofficinalis","Lowland"
"Verbena officinalis","Lowland"
"Veronica anagallis-aquatica","Lowland"
"Veronica biloba","Lowland"
"Veronica chamaedrys","Lowland"
"Veronica rockii","Lowland"
"Vicia amoena","Lowland"
"Vicia sativa","Lowland"
"Vicia tetrasperma","Lowland"
"Vicia unijuga","Lowland"
"Xanthopappus subacaulis","Lowland"
"Zygophyllum macracanthum","Lowland"
"Zygophyllum mucronatum","Lowland"
"Carex iynx","Lowland"
"Leucochrysum albicans","Lowland"
"Euchiton involucratus","Lowland"
"Brachyscome staceae","Lowland"
"Epacris purpurascens","Lowland"
"Geum urbanum","Lowland"
"Gingidia harveyana","Lowland"
"Wahlenbergia stricta","Lowland"
"Coronidium waddelliae","Lowland"
"Coronidium gunnianum","Lowland"
"Epilobium billardierianum","Lowland"
"Carex brownii","Lowland"
"Stachys albicaulis","Lowland"
"Diplolepis mucronata","Lowland"
"Ditassa albonerva","Lowland"
"Acaena alpina","Lowland"
"Calceolaria biflora","Lowland"
"Calandrinia sericea","Lowland"
"Lupinus microcarpus","Lowland"
"Adesmia papposa","Lowland"
"Sisyrinchium striatum","Lowland"
"Verbascum thapsus","Lowland"
"Campanula raineri","Lowland"
"Pedicularis palustris","Lowland"
"Phleum hirsutum","Lowland"
"Silene dioica","Lowland"
"Alyssum murale","Lowland"
"Hypericum richeri","Lowland"
"Myricaria germanica","Lowland"
"Allium insubricum","Lowland"
"Aconitum tauricum","Lowland"
"Phyteuma scheuchzeri","Lowland"
"Rhaponticum bicknellii","Lowland"
"Plantago lanceolata","Lowland"
"Viola dubyana","Lowland"
"Hornungia pauciflora","Lowland"
"Verbascum alpinum","Lowland"
"Polemonium caeruleum","Lowland"
"Centaurea scabiosa","Lowland"
"Laserpitium peucedanoides","Lowland"
"Silene saxifraga","Lowland"
"Horminum pyrenaicum","Lowland"
"Serratula tinctoria","Lowland"
"Telekia speciosissima","Lowland"
"Minuartia graminifolia","Lowland"
"Sanguisorba dodecandra","Lowland"
"Saxifraga tombeanensis","Lowland"
"Saxifraga vandellii","Lowland"
"Ribes alpinum","Lowland"
"Rumex alpinus","Lowland"
"Silene quadridentata","Lowland"
"Valeriana montana","Lowland"
"Festuca spectabilis","Lowland"
"Potentilla grammopetala","Lowland"
"Senecio integerrimus","Lowland"
"Moehringia glaucovirens","Lowland"
"Laserpitium nitidum","Lowland"
"Eriophorum vaginatum","Lowland"
"Carduus carduelis","Lowland"
"Aquilegia einseleana","Lowland"
"Menyanthes trifoliata","Lowland"
"Primula matthioli","Lowland"
"Epilobium alpestre","Lowland"
"Silene elisabethae","Lowland"
"Allium beesianum","Lowland"
"Allium macranthum","Lowland"
"Gentiana stipitata","Lowland"
"Codonopsis canescens","Lowland"
"Heteropappus crenatifolius","Lowland"
"Achnatherum psilantherum","Lowland"
"Codonopsis viridiflora","Lowland"
"Corydalis pseudimpatiens","Lowland"
"Stipa inebrians","Lowland"
"Anaphalis bicolor","Lowland"
"Eremogone przewalskii","Lowland"
"Rhodiola dumulosa","Lowland"
"Hedysarum tanguticum","Lowland"
"Juncus potaninii","Lowland"
"Viola bulbosa","Lowland"
"Aster poliothamnus","Lowland"
"Poa sinoglauca","Lowland"
"Pedicularis ingens","Lowland"
"Gentiana algida","Lowland"
"Elymus durus","Lowland"
"Pimpinella smithii","Lowland"
"Gentiana officinalis","Lowland"
"Geranium pratense","Lowland"
"Anemone obtusiloba","Lowland"
"Ajuga lupulina","Lowland"
"Agrostis pilosula","Lowland"
"Poa alpigena","Lowland"
"Medicago archiducis-nicolai","Lowland"
"Anaphalis lactea","Lowland"
"Agrostis hugoniana","Lowland"
"Astragalus tanguticus","Lowland"
"Halenia elliptica","Lowland"
"Artemisia sieversiana","Lowland"
"Aster albescens","Lowland"
"Leymus secalinus","Lowland"
"Linum perenne","Lowland"
"Incarvillea compacta","Lowland"
"Pedicularis torta","Lowland"
"Ranunculus pulchellus","Lowland"
"Juncus leucanthus","Lowland"
"Saussurea purpurascens","Lowland"
"Acanthocalyx alba","Lowland"
"Doronicum stenoglossum","Lowland"
"Gentiana squarrosa","Lowland"
"Aster farreri","Lowland"
"Anaphalis aureopunctata","Lowland"
"Anaphalis margaritacea","Lowland"
"Delphinium kamaonense","Lowland"
"Leontopodium haplophylloides","Lowland"
"Oxytropis kansuensis","Lowland"
"Lepyrodiclis holosteoides","Lowland"
"Pedicularis chinensis","Lowland"
"Ligusticum acuminatum","Lowland"
"Seseli mucronatum","Lowland"
"Pedicularis longipes","Lowland"
"Descurainia sophia","Lowland"
"Carex lehmannii","Lowland"
"Artemisia siversiana","Lowland"
"Taraxacum maurocarpum","Lowland"
"Soroseris erysimoides","Lowland"
"Elsholtzia densa","Lowland"
"Chaetoseris roborowskii","Lowland"
"Leontopodium dedekensii","Lowland"
"Stellera chamaejasme","Lowland"
"Heracleum moellendorffii","Lowland"
"Parnassia oreophila","Lowland"
"Anaphalis hancockii","Lowland"
"Pedicularis semitorta","Lowland"
"Potentilla longifolia","Lowland"
"Euphrasia regelii","Lowland"
"Leontopodium calocephalum","Lowland"
"Trisetum sibiricum","Lowland"
"Sedum celatum","Lowland"
"Gentiana futtereri","Lowland"
"Pedicularis cranolopha","Lowland"
"Paeonia anomala","Lowland"
"Carum buriaticum","Lowland"
"Caltha scaposa","Lowland"
"Melica przewalskyi","Lowland"
"Polygonum aviculare","Lowland"
"Pedicularis tristis","Lowland"
"Pedicularis polyodonta","Lowland"
"Taraxacum calanthodium","Lowland"
"Vicia cracca","Lowland"
"Urtica triangularis","Lowland"
"Pedicularis brevilabris","Lowland"
"Achillea atrata","Strict"
"Achillea clavennae","Strict"
"Achillea erba-rotta","Strict"
"Achillea nana","Strict"
"Allium victorialis","Strict"
"Androsace obtusifolia","Strict"
"Anemone alpina","Strict"
"Anemone vernalis","Strict"
"Antennaria dioica","Generalist"
"Anthoxanthum odoratum","Generalist"
"Anthyllis vulneraria","Generalist"
"Arabis alpina","Generalist"
"Arabis caerulea","Strict"
"Arenaria biflora","Strict"
"Armeria alpina","Strict"
"Arnica montana","Generalist"
"Artemisia genipi","Strict"
"Artemisia glacialis","Strict"
"Artemisia umbelliformis","Strict"
"Aster alpinus","Generalist"
"Bartsia alpina","Generalist"
"Biscutella laevigata","Generalist"
"Campanula barbata","Strict"
"Campanula cenisia","Strict"
"Campanula cochleariifolia","Generalist"
"Campanula macrorrhiza","Generalist"
"Campanula scheuchzeri","Strict"
"Campanula thyrsoides","Generalist"
"Carex bicolor","Strict"
"Carex curvula","Strict"
"Carex firma","Strict"
"Carex foetida","Strict"
"Carex sempervirens","Generalist"
"Cerastium arvense","Generalist"
"Cerastium latifolium","Strict"
"Cerastium pedunculatum","Strict"
"Cerastium uniflorum","Strict"
"Cirsium spinosissimum","Strict"
"Comastoma tenellum","Strict"
"Dianthus glacialis","Strict"
"Draba hoppeana","Strict"
"Draba stylaris","Strict"
"Dryas octopetala","Strict"
"Eriophorum angustifolium","Generalist"
"Eriophorum scheuchzeri","Strict"
"Festuca alpina","Strict"
"Festuca halleri","Strict"
"Festuca norica","Strict"
"Festuca quadriflora","Strict"
"Festuca scabriculmis","Strict"
"Festuca violacea","Strict"
"Galium montis-arerae","Strict"
"Gentiana acaulis","Strict"
"Gentiana brachyphylla","Strict"
"Gentiana clusii","Strict"
"Gentiana nivalis","Strict"
"Gentiana punctata","Strict"
"Gentiana verna","Generalist"
"Gentianella anisodonta","Strict"
"Geum montanum","Strict"
"Gnaphalium supinum","Strict"
"Helictochloa versicolor","Strict"
"Helictotrichon versicolor","Strict"
"Jacobaea incana","Strict"
"Juncus trifidus","Strict"
"Kobresia myosuroides","Strict"
"Leontodon hispidus","Generalist"
"Leontopodium nivale","Strict"
"Leucanthemopsis alpina","Strict"
"Linaria alpina","Strict"
"Linaria tonzigii","Strict"
"Luzula alpinopilosa","Strict"
"Luzula spicata","Strict"
"Minuartia verna","Generalist"
"Myosotis alpestris","Strict"
"Nardus stricta","Generalist"
"Oxyria digyna","Strict"
"Papaver alpinum","Strict"
"Pedicularis tuberosa","Strict"
"Phleum alpinum","Strict"
"Phyteuma hemisphaericum","Strict"
"Phyteuma sieberi","Strict"
"Pilosella officinarum","Generalist"
"Pinguicula leptoceras","Generalist"
"Poa alpina","Strict"
"Polygala alpina","Strict"
"Potentilla aurea","Strict"
"Primula farinosa","Generalist"
"Primula glaucescens","Generalist"
"Primula integrifolia","Strict"
"Ranunculus montanus","Generalist"
"Rhinanthus glacialis","Generalist"
"Rhododendron ferrugineum","Strict"
"Saponaria lutea","Strict"
"Saxifraga aizoides","Generalist"
"Saxifraga bryoides","Strict"
"Saxifraga caesia","Strict"
"Saxifraga exarata","Strict"
"Saxifraga hostii","Generalist"
"Saxifraga oppositifolia","Strict"
"Saxifraga paniculata","Generalist"
"Saxifraga stellaris","Strict"
"Scorzoneroides helvetica","Strict"
"Senecio doronicum","Strict"
"Sesleria caerulea","Generalist"
"Sesleria sphaerocephala","Strict"
"Sibbaldia procumbens","Strict"
"Silene acaulis","Strict"
"Silene suecica","Strict"
"Silene vallesia","Generalist"
"Silene vulgaris","Generalist"
"Soldanella alpina","Strict"
"Solidago virgaurea","Generalist"
"Taraxacum alpinum","Strict"
"Trifolium badium","Strict"
"Trifolium pallescens","Strict"
"Trifolium pratense","Generalist"
"Veronica allionii","Strict"
"Veronica alpina","Strict"
"Veronica aphylla","Strict"
"Veronica bellidioides","Strict"
"Veronica fruticans","Strict"
"Viola comollia","Strict"
"Centaurea nervosa","Strict"
"Plantago alpina","Strict"
"Plantago atrata","Strict"
"Senecio squalidus","Generalist"
"Silene rupestris","Generalist"
"Trifolium thalii","Strict"
"Trollius europaeus","Generalist"
"Aciphylla glacialis","Strict"
"Aciphylla simplicifolia","Generalist"
"Agropyron velutinum","Generalist"
"Astelia alpina","Strict"
"Astelia psychrocharis","Strict"
"Baeckea gunniana","Generalist"
"Baeckea utilis","Generalist"
"Brachyscome obovata","Generalist"
"Brachyscome rigidula","Generalist"
"Brachyscome spathulata","Generalist"
"Brachyscome stolonifera","Strict"
"Callistemon pityoides","Generalist"
"Cardamine robusta","Strict"
"Carex blakei","Strict"
"Carex capillacea","Generalist"
"Carex cephalotes","Generalist"
"Carex echinata","Generalist"
"Carex gaudichaudiana","Generalist"
"Carex hebes","Strict"
"Carex hypandra","Strict"
"Carpha nivicola","Generalist"
"Celmisia costiniana","Strict"
"Celmisia pugioniformis","Generalist"
"Chaerophyllum australianum","Generalist"
"Chaerophyllum eriopodum","Generalist"
"Colobanthus affinis","Strict"
"Craspedia alba","Strict"
"Craspedia costiniana","Strict"
"Craspedia jamesii","Generalist"
"Craspedia lamicola","Strict"
"Craspedia leucantha","Strict"
"Deschampsia cespitosa","Generalist"
"Dichosciadium ranunculaceum","Strict"
"Diplaspis nivis","Strict"
"Drosera arcturi","Strict"
"Epacris celata","Generalist"
"Epacris glacialis","Strict"
"Epacris microphylla","Generalist"
"Epacris paludosa","Generalist"
"Epacris petrophila","Generalist"
"Epilobium gunnianum","Generalist"
"Erigeron bellidioides","Generalist"
"Erigeron paludicola","Strict"
"Erigeron setosus","Generalist"
"Euphrasia collina","Strict"
"Gentianella muelleriana","Strict"
"Gingidia algens","Strict"
"Isolepis crassiuscula","Generalist"
"Juncus falcatus","Generalist"
"Kelleria dieffenbachii","Strict"
"Kunzea muelleri","Strict"
"Leucochrysum alpinum","Generalist"
"Luzula acutifolia","Strict"
"Luzula modesta","Generalist"
"Microseris lanceolata","Generalist"
"Mniarum biflorum","Generalist"
"Neopaxia australasica","Generalist"
"Olearia algida","Generalist"
"Olearia phlogopappa","Generalist"
"Oreobolus distichus","Strict"
"Oxylobium ellipticum","Generalist"
"Ozothamnus alpinus","Strict"
"Ozothamnus cupressoides","Generalist"
"Ozothamnus hookeri","Generalist"
"Pelargonium helmsii","Strict"
"Pentachondra pumila","Strict"
"Pimelea axiflora","Generalist"
"Pimelea ligustrina","Generalist"
"Plantago glacialis","Strict"
"Plantago muelleri","Strict"
"Poa costiniana","Generalist"
"Poa hiemata","Generalist"
"Poa phillipsiana","Generalist"
"Podolepis robusta","Generalist"
"Prostanthera cuneata","Generalist"
"Psychrophila introloba","Strict"
"Ranunculus acrophilus","Strict"
"Ranunculus anemoneus","Strict"
"Ranunculus clivicola","Strict"
"Ranunculus dissectifolius","Strict"
"Ranunculus graniticola","Generalist"
"Ranunculus gunnianus","Strict"
"Ranunculus lappaceus","Generalist"
"Ranunculus muelleri","Strict"
"Ranunculus niphophilus","Strict"
"Ranunculus pimpinellifolius","Generalist"
"Richea continentis","Strict"
"Rytidosperma alpicola","Strict"
"Rytidosperma nudiflorum","Generalist"
"Rytidosperma pumilum","Generalist"
"Scleranthus singuliflorus","Strict"
"Senecio gunnii","Generalist"
"Stackhousia monogyna","Generalist"
"Stackhousia pulvinaris","Strict"
"Stylidium graminifolium","Generalist"
"Tasmannia xerophila","Generalist"
"Trisetum spicatum","Generalist"
"Veronica perfoliata","Generalist"
"Viola betonicifolia","Generalist"
"Wahlenbergia ceracea","Generalist"
"Wahlenbergia gloriosa","Generalist"
"Xerochrysum subundulatum","Generalist"
"Androsace villosa","Generalist"
"Arenaria erinacea","Generalist"
"Arenaria grandiflora","Generalist"
"Arenaria purpurascens","Strict"
"Armeria cantabrica","Strict"
"Carex asturica","Generalist"
"Festuca eskia","Strict"
"Festuca paniculata","Strict"
"Fritillaria legionensis","Strict"
"Helictotrichon marginatum","Generalist"
"Jasione cavanillesii","Strict"
"Jurinea humilis","Generalist"
"Persicaria vivipara","Strict"
"Rumex suffruticosus","Strict"
"Scorzoneroides cantabrica","Strict"
"Silene ciliata","Generalist"
"Teesdaliopsis conferta","Strict"
"Campanula collina","Strict"
"Eremogone lychnidea","Strict"
"Festuca varia","Generalist"
"Hedysarum caucasicum","Generalist"
"Matricaria breviradiata","Strict"
"Podospermum canum","Generalist"
"Potentilla grandiflora","Generalist"
"Rumex alpestris","Strict"
"Taraxacum confusum","Strict"
"Taraxacum stevenii","Strict"
"Trifolium polyphyllum","Strict"
"Acaena pinnatifida","Generalist"
"Adesmia radicifolia","Generalist"
"Alstroemeria pallida","Generalist"
"Anarthrophyllum cumingii","Generalist"
"Anarthrophyllum gayanum","Strict"
"Azorella madreporica","Generalist"
"Berberis montana","Generalist"
"Calandrinia caespitosa","Strict"
"Calceolaria purpurea","Generalist"
"Chaetanthera euphrasioides","Generalist"
"Chaetanthera microphylla","Generalist"
"Draba gilliesii","Generalist"
"Laretia acaulis","Strict"
"Loasa caespitosa","Strict"
"Madia sativa","Generalist"
"Microsteris gracilis","Generalist"
"Mutisia sinuata","Generalist"
"Nassauvia pinnigera","Strict"
"Nastanthus scapigerus","Generalist"
"Nicotiana corymbosa","Generalist"
"Nothoscordum andinum","Generalist"
"Olsynium philippii","Strict"
"Rhodophiala andicola","Generalist"
"Sanicula graveolens","Generalist"
"Schizanthus grahamii","Generalist"
"Schizanthus hookeri","Generalist"
"Senecio eruciformis","Generalist"
"Sisyrinchium arenarium","Generalist"
"Stachys grandidentata","Generalist"
"Tristagma bivalve","Generalist"
"Agrostis alpina","Strict"
"Androsace chamaejasme","Strict"
"Campanula alpina","Strict"
"Carex atrata","Strict"
"Erigeron pulchellus","Strict"
"Homogyne alpina","Generalist"
"Juncus monanthos","Strict"
"Myosotis alpina","Strict"
"Primula auricula","Strict"
"Primula minima","Strict"
"Sesleria albicans","Generalist"
"Aconitum brunneum","Strict"
"Aconitum tanguticum","Strict"
"Acronema chinense","Strict"
"Adenophora himalayana","Generalist"
"Adenophora liliifolioides","Generalist"
"Ajania fruticulosa","Generalist"
"Ajania salicifolia","Generalist"
"Ajania tenuifolia","Generalist"
"Aletris glandulifera","Strict"
"Allium chrysanthum","Generalist"
"Allium chrysocephalum","Strict"
"Allium cyaneum","Generalist"
"Allium cyathophorum","Generalist"
"Allium prattii","Generalist"
"Allium przewalskianum","Generalist"
"Allium rude","Generalist"
"Allium sikkimense","Generalist"
"Anaphalis flavescens","Generalist"
"Anaphalis nepalensis","Generalist"
"Androsace gmelinii","Generalist"
"Anemone rivularis","Generalist"
"Anisodus tanguticus","Generalist"
"Anthriscus sylvestris","Generalist"
"Arenaria edgeworthiana","Strict"
"Arenaria kansuensis","Strict"
"Aristida triseta","Generalist"
"Artemisia desertorum","Strict"
"Artemisia gmelinii","Generalist"
"Artemisia hedinii","Generalist"
"Aster diplostephioides","Generalist"
"Aster souliei","Generalist"
"Aster yunnanensis","Generalist"
"Astragalus floridulus","Generalist"
"Astragalus mahoschanicus","Generalist"
"Astragalus polycladus","Generalist"
"Astragalus tongolensis","Strict"
"Batrachium bungei","Generalist"
"Blysmus sinocompressus","Generalist"
"Braya rosea","Generalist"
"Bromus sinensis","Strict"
"Bupleurum commelynoideum","Generalist"
"Callitriche palustris","Generalist"
"Campanula aristata","Strict"
"Caragana erinacea","Generalist"
"Caragana jubata","Generalist"
"Cardamine tangutorum","Generalist"
"Carex enervis","Generalist"
"Carex kansuensis","Strict"
"Carex przewalskii","Generalist"
"Carex scabrirostris","Strict"
"Carum carvi","Generalist"
"Catolobus pendulus","Generalist"
"Chamaesium paradoxum","Strict"
"Chrysosplenium uniflorum","Generalist"
"Circaeaster agrestis","Generalist"
"Cirsium arvense","Generalist"
"Cirsium souliei","Generalist"
"Clematis tangutica","Generalist"
"Codonopsis foetens","Strict"
"Coluria longifolia","Generalist"
"Comastoma falcatum","Generalist"
"Comastoma pedunculatum","Strict"
"Comastoma pulmonarium","Strict"
"Convolvulus arvensis","Generalist"
"Corydalis melanochlora","Strict"
"Cremanthodium brunneopilosum","Strict"
"Cremanthodium discoideum","Strict"
"Cremanthodium lineare","Generalist"
"Cyananthus hookeri","Generalist"
"Delphinium albocoeruleum","Generalist"
"Delphinium pylzowii","Strict"
"Delphinium souliei","Strict"
"Deyeuxia flavens","Generalist"
"Dicranostigma lactucoides","Strict"
"Draba eriopoda","Generalist"
"Draba ladyginii","Generalist"
"Draba lanceolata","Generalist"
"Draba nemorosa","Generalist"
"Draba oreades","Generalist"
"Dracocephalum heterophyllum","Generalist"
"Dracocephalum tanguticum","Strict"
"Duthiea brachypodium","Strict"
"Elymus burchan-buddae","Strict"
"Elymus sibiricus","Generalist"
"Epilobium angustifolium","Generalist"
"Epilobium palustre","Generalist"
"Euphorbia tibetica","Generalist"
"Festuca nitidula","Generalist"
"Festuca ovina","Generalist"
"Festuca rubra","Generalist"
"Festuca sinensis","Generalist"
"Fritillaria unibracteata","Strict"
"Galium boreale","Generalist"
"Gentiana aquatica","Generalist"
"Gentiana aristata","Generalist"
"Gentiana choanantha","Generalist"
"Gentiana crassuloides","Generalist"
"Gentiana dahurica","Generalist"
"Gentiana leucomelaena","Generalist"
"Gentiana nubigena","Strict"
"Gentiana prostrata","Generalist"
"Gentiana sino-ornata","Generalist"
"Gentiana siphonantha","Generalist"
"Gentiana straminea","Generalist"
"Gentiana szechenyii","Strict"
"Gentianopsis barbata","Generalist"
"Gentianopsis paludosa","Generalist"
"Geranium pylzowianum","Generalist"
"Hedysarum sikkimense","Strict"
"Helictotrichon tibeticum","Generalist"
"Heracleum millefolium","Generalist"
"Heracleum yungningense","Generalist"
"Heteropappus gouldii","Generalist"
"Hippuris vulgaris","Generalist"
"Isolepis setacea","Generalist"
"Juncus allioides","Generalist"
"Juncus amplifolius","Generalist"
"Juncus himalensis","Generalist"
"Juncus sphacelatus","Strict"
"Juncus thomsonii","Generalist"
"Kobresia capillifolia","Generalist"
"Kobresia humilis","Generalist"
"Kobresia kansuensis","Strict"
"Kobresia macrantha","Generalist"
"Kobresia pygmaea","Strict"
"Kobresia setschwanensis","Generalist"
"Kobresia tibetica","Generalist"
"Koeleria litvinowii","Strict"
"Lagotis brachystachya","Strict"
"Lancea tibetica","Generalist"
"Leibnitzia nepalensis","Strict"
"Leontopodium nanum","Generalist"
"Leontopodium ochroleucum","Generalist"
"Leontopodium souliei","Generalist"
"Lepidium apetalum","Generalist"
"Lepidium capitatum","Generalist"
"Lepidium latifolium","Generalist"
"Ligularia macrodonta","Generalist"
"Ligularia virgaurea","Generalist"
"Lloydia oxycarpa","Generalist"
"Lomatogonium carinthiacum","Generalist"
"Lomatogonium gamosepalum","Generalist"
"Lomatogonium macranthum","Generalist"
"Meconopsis horridula","Strict"
"Meconopsis integrifolia","Generalist"
"Meconopsis punicea","Generalist"
"Meconopsis quintuplinervia","Generalist"
"Megacarpaea delavayi","Strict"
"Microula sikkimensis","Generalist"
"Microula tangutica","Strict"
"Nardostachys jatamansi","Generalist"
"Nepeta coerulescens","Strict"
"Nepeta prattii","Generalist"
"Notopterygium franchetii","Generalist"
"Notopterygium incisum","Generalist"
"Oxytropis falcata","Generalist"
"Oxytropis ochrocephala","Generalist"
"Paraquilegia microphylla","Generalist"
"Parnassia brevistyla","Generalist"
"Parnassia trinervis","Strict"
"Pedicularis alaschanica","Strict"
"Pedicularis cheilanthifolia","Generalist"
"Pedicularis kansuensis","Generalist"
"Pedicularis lachnoglossa","Generalist"
"Pedicularis lasiophrys","Generalist"
"Pedicularis longiflora","Generalist"
"Pedicularis pseudoingens","Strict"
"Pedicularis rhinanthoides","Generalist"
"Pedicularis szetschuanica","Strict"
"Pedicularis ternata","Strict"
"Pennisetum flaccidum","Generalist"
"Phlomoides rotata","Generalist"
"Piptatherum munroi","Generalist"
"Plantago depressa","Generalist"
"Pleurospermum hookeri","Generalist"
"Pleurospermum wilsonii","Strict"
"Pleurospermum wrightianum","Strict"
"Poa attenuata","Strict"
"Poa sikkimensis","Strict"
"Poa szechuensis","Generalist"
"Polygonum fertile","Generalist"
"Polygonum macrophyllum","Generalist"
"Polygonum sibiricum","Generalist"
"Polygonum sparsipilosum","Generalist"
"Pomatosace filicula","Generalist"
"Potentilla multifida","Generalist"
"Potentilla pamiroalaica","Strict"
"Potentilla potaninii","Generalist"
"Potentilla saundersiana","Generalist"
"Primula agleniana","Strict"
"Primula gemmifera","Generalist"
"Primula orbicularis","Strict"
"Primula secundiflora","Strict"
"Primula stenocalyx","Generalist"
"Primula tangutica","Strict"
"Pterocephalus hookeri","Generalist"
"Ptilagrostis dichotoma","Strict"
"Pyrethrum tatsienense","Strict"
"Ranunculus brotherusii","Generalist"
"Ranunculus kamchaticus","Generalist"
"Rheum palmatum","Generalist"
"Rhodiola kirilowii","Generalist"
"Rhodiola macrocarpa","Generalist"
"Rhodiola tangutica","Generalist"
"Rorippa elata","Generalist"
"Rumex nepalensis","Generalist"
"Sanguisorba filiformis","Generalist"
"Saussurea globosa","Strict"
"Saussurea graminea","Strict"
"Saussurea hieracioides","Strict"
"Saussurea kansuensis","Strict"
"Saussurea pachyneura","Strict"
"Saussurea przewalskii","Strict"
"Saussurea stella","Generalist"
"Saussurea sylvatica","Generalist"
"Saxifraga egregia","Generalist"
"Saxifraga heleonastes","Strict"
"Saxifraga melanocentra","Strict"
"Saxifraga sinomontana","Generalist"
"Saxifraga tangutica","Generalist"
"Sedum ulricae","Strict"
"Senecio dubitabilis","Generalist"
"Senecio thianschanicus","Generalist"
"Silene himalayensis","Generalist"
"Sinochasea trigyna","Strict"
"Sisymbrium heteromallum","Generalist"
"Smelowskia tibetica","Strict"
"Spiraea mongolica","Generalist"
"Stellaria decumbens","Strict"
"Stellaria uda","Generalist"
"Stephanachne nigrescens","Strict"
"Stipa aliena","Generalist"
"Stipa breviflora","Generalist"
"Stipa capillacea","Generalist"
"Stipa concinna","Strict"
"Stipa pappiformis","Strict"
"Stipa regeliana","Generalist"
"Stipa splendens","Generalist"
"Swertia bifolia","Generalist"
"Swertia erythrosticta","Generalist"
"Swertia wolfgangiana","Generalist"
"Thalictrum alpinum","Generalist"
"Thalictrum rutifolium","Generalist"
"Tibetia himalaica","Strict"
"Tongoloa elata","Generalist"
"Tongoloa gracilis","Generalist"
"Trichophorum distigmaticum","Generalist"
"Trichophorum pumilum","Generalist"
"Triglochin maritima","Generalist"
"Triglochin palustris","Generalist"
"Trisetum clarkei","Generalist"
"Trollius farreri","Strict"
"Urtica hyperborea","Strict"
"Veronica ciliata","Generalist"
"Veronica eriogyne","Generalist"
"Veronica szechuanica","Generalist"
"Veronica vandellioides","Generalist"
"Vicia multicaulis","Generalist"
"Adesmia emarginata","Generalist"
"Adesmia longipes","Strict"
"Calceolaria filicaulis","Strict"
"Cardamine cordata","Generalist"
"Carex aphylla","Generalist"
"Carex banksii","Generalist"
"Cortaderia pilosa","Generalist"
"Erigeron cinereus","Generalist"
"Escallonia alpina","Generalist"
"Gaultheria poeppigii","Generalist"
"Gaultheria pumila","Generalist"
"Hypochaeris tenuifolia","Strict"
"Luzula brachyphylla","Generalist"
"Montiopsis gayana","Generalist"
"Nassauvia lagascae","Generalist"
"Nassauvia revoluta","Generalist"
"Olsynium junceum","Generalist"
"Perezia pedicularidifolia","Generalist"
"Rytidosperma pictum","Generalist"
"Senecio bipontinii","Generalist"
"Senecio chionophilus","Strict"
"Silene andicola","Strict"
"Sisyrinchium pearcei","Generalist"
"Erigeron nitidus","Strict"
"Luzula atrata","Strict"
"Astragalus vesiculosus","Generalist"
"Montiopsis sericea","Generalist"
"Campanula macrorhiza","Generalist"
"Asperugo procumbens","Generalist"
"Cirsium lanatum","Generalist"
"Poa annua","Generalist"
"Pennisetum centrasiaticum","Generalist"
"Saxifraga montana","Generalist"
"Astragalus floridus","Generalist"
"Anaphalis latialata","Strict"
"Roegneria breviglumis","Strict"
"Avena fatua","Generalist"
"Astragalus przewalskii","Strict"
"Microgynoecium tibeticum","Strict"
"Sinopodophyllum hexandrum","Generalist"
"Poa pratensis","Generalist"
"Aconitum bucovinense","Strict"
"Aconitum firmum","Unknown"
"Aconitum lasiocarpum","Generalist"
"Aconitum lycoctonum","Generalist"
"Aconitum nasutum","Lowland"
"Aconitum talassicum","Lowland"
"Adenophora liliifolia","Lowland"
"Adenostyles alliariae","Generalist"
"Alchemilla acutiloba","Lowland"
"Alchemilla alpina","Strict"
"Alopecurus vaginatus","Lowland"
"Alyssoides utriculata","Lowland"
"Amberboa glauca","Unknown"
"Anemone narcissiflora","Strict"
"Aquilegia atrata","Lowland"
"Arenaria norvegica","Generalist"
"Arenaria norvegica","Generalist"
"Aruncus dioicus","Lowland"
"Aster amellus","Generalist"
"Astragalus australis","Strict"
"Astragalus cyri","Strict"
"Astragalus penduliflorus","Strict"
"Aubrieta thessala","Strict"
"Betula nana","Strict"
"Biebersteinia orphanidis","Strict"
"Bupleurum marschallianum","Unknown"
"Calamagrostis purpurea","Lowland"
"Campanula alliariifolia","Lowland"
"Campanula olympica","Unknown"
"Campanula jacquinii","Generalist"
"Campanula latifolia","Generalist"
"Campanula sarmatica","Unknown"
"Campanula serrata","Unknown"
"Carex buxbaumii","Generalist"
"Carex capillaris","Strict"
"Carex lachenalii","Strict"
"Carex microglochin","Generalist"
"Carex pulicaris","Generalist"
"Carex rariflora","Strict"
"Carex rostrata","Generalist"
"Carex saxatilis","Generalist"
"Carlina biebersteinii","Lowland"
"Centaurea reflexa","Unknown"
"Cerastium alpinum","Strict"
"Cerastium arcticum","Strict"
"Cerastium argenteum","Unknown"
"Cerastium cerastoides","Strict"
"Cochlearia tatrae","Strict"
"Comarum palustre","Generalist"
"Crepis sibirica","Lowland"
"Delphinium cyphoplectrum","Unknown"
"Delphinium elatum","Lowland"
"Dianthus barbatus","Strict"
"Dianthus furcatus","Unknown"
"Dianthus orientalis","Generalist"
"Dianthus plumarius","Unknown"
"Doronicum austriacum","Strict"
"Draba norvegica","Strict"
"Eleocharis quinqueflora","Generalist"
"Elymus caninus","Generalist"
"Epilobium alsinifolium","Generalist"
"Eriophorum latifolium","Generalist"
"Erysimum hungaricum","Strict"
"Festuca altissima","Lowland"
"Galium rubioides","Unknown"
"Gentiana burseri","Generalist"
"Gentiana depressa","Unknown"
"Gentiana grandiflora","Unknown"
"Gentiana haynaldii","Unknown"
"Gentiana septemfida","Unknown"
"Gentiana waltonii","Unknown"
"Gentianella amarella","Generalist"
"Geum pyrenaicum","Generalist"
"Geum rivale","Generalist"
"Glyceria notata","Unknown"
"Gypsophila elegans","Lowland"
"Heliotropium ellipticum","Unknown"
"Herminium monorchis","Unknown"
"Hieracium attenuatifolium","Unknown"
"Hieracium backhousei","Unknown"
"Hieracium calenduliflorum","Unknown"
"Hieracium calvum","Unknown"
"Hieracium completum","Unknown"
"Hieracium eximium","Unknown"
"Hieracium globosiflorum","Unknown"
"Hieracium graniticola","Unknown"
"Hieracium hanburyi","Unknown"
"Hieracium larigense","Unknown"
"Hieracium leptodon","Unknown"
"Hieracium macrocarpum","Unknown"
"Hieracium milesii","Unknown"
"Hieracium pensum","Unknown"
"Hieracium perscitum","Unknown"
"Hieracium snowdoniense","Unknown"
"Hieracium stewartii","Unknown"
"Hieracium zygophorum","Unknown"
"Holosteum marginatum","Unknown"
"Hyssopus officinalis","Lowland"
"Juncus balticus","Generalist"
"Juncus biglumis","Unknown"
"Juncus castaneus","Unknown"
"Juncus filiformis","Strict"
"Juncus triglumis","Strict"
"Jurinea blanda","Unknown"
"Kobresia simpliciuscula","Strict"
"Laserpitium hispidum","Unknown"
"Ligusticum scoticum","Unknown"
"Lilium martagon","Generalist"
"Linnaea borealis","Unknown"
"Loiseleuria procumbens","Unknown"
"Lonicera pyrenaica","Generalist"
"Luzula lutea","Strict"
"Luzula nivea","Generalist"
"Papaver cambricum","Unknown"
"Minuartia inamoena","Unknown"
"Minuartia laricifolia","Strict"
"Minuartia rubella","Unknown"
"Minuartia sedoides","Strict"
"Minuartia stricta","Unknown"
"Minuartia montana","Lowland"
"Thlaspi caerulescens","Generalist"
"Onobrychis montana","Unknown"
"Oxytropis campestris","Strict"
"Oxytropis lapponica","Strict"
"Phleum subulatum","Unknown"
"Physospermum cornubiense","Lowland"
"Phyteuma hedraianthifolium","Unknown"
"Pilosella peleteriana","Unknown"
"Plantago nivalis","Strict"
"Poa glauca","Unknown"
"Poa remota","Unknown"
"Potamogeton alpinus","Lowland"
"Potentilla crantzii","Strict"
"Primula algida","Strict"
"Primula auriculata","Strict"
"Primula daonensis","Strict"
"Pulsatilla violacea","Unknown"
"Rhinanthus alectorolophus","Unknown"
"Rhinanthus serotinus","Unknown"
"Ribes petraeum","Generalist"
"Sagina nivalis","Unknown"
"Sagina saginoides","Generalist"
"Salix myrsinifolia","Unknown"
"Saxifraga cespitosa","Strict"
"Saxifraga hirculus","Generalist"
"Saxifraga nivalis","Strict"
"Saxifraga rivularis","Strict"
"Scandix iberica","Unknown"
"Sedum villosum","Generalist"
"Sempervivum caucasicum","Unknown"
"Jacobaea uniflora","Strict"
"Silene frivaldskyana","Unknown"
"Oberna lacera","Unknown"
"Silene linearifolia","Unknown"
"Silene pygmaea","Unknown"
"Silene uniflora","Lowland"
"Silene viscariopsis","Unknown"
"Stachys alpina","Lowland"
"Stachys balansae","Unknown"
"Taraxacum pieninicum","Unknown"
"Teucrium chamaedrys","Generalist"
"Thlaspi alpestre","Unknown"
"Thlaspi orbiculatum","Unknown"
"Tofieldia pusilla","Strict"
"Trichophorum cespitosum","Unknown"
"Trifolium alpinum","Strict"
"Trollius altissimus","Unknown"
"Verbascum orientale","Unknown"
"Veronica gentianoides","Unknown"
"Vicia cusnae","Unknown"
"Vicia orobus","Generalist"
"Viola lutea","Unknown"
"Zygophyllum fabago","Lowland"
"Brachyscome barkerae","Strict"
"Elymus angulatus","Unknown"
"Reynoutria multiflora","Generalist"
"Solanum nigrum","Lowland"
"Triglochin concinna","Lowland"
